col1,col2,col3,col4,col5,col6,col7,col8,col9,col10,col11,col12,col13,col14,col15,col16,col17,col18,col19,col20,col21,col22,col23,col24,col25,col26,col27,col28,col29,col30,col31,col32,col33,col34,col35,col36,col37,col38,col39,col40,col41,col42,col43,col44,col45,col46,col47,col48,col49,col50
mx7Us,QlHgp,Changed,876iM,FgyQR,qgPaP,wyhDu,s1f8d,EeqPv,N6loU,doxfl,qrBGD,MVHs8,SP2Q8,7TbQy,sMENW,n8RZF,zf06e,bEnu2,tv2v7,GEHRV,fMyYI,hEZt1,veONH,qi5X9,JXMqU,pmCCa,QyDHI,UwJ0z,igKcw,NAiYC,67oAS,7sqbB,hAiC0,UCO5O,vTXzh,Y9nC5,stLyv,cgXr6,JtY4u,TEtEX,nFSZ8,R35aC,0JsT7,piQaG,8ALQn,boZ1X,r1Oea,wzdnG,kb4bD
cteTA,2UJsP,Vb1VW,eRHnq,edSCX,O3zhX,Changed,DmVfB,RZc66,pI9Lz,3Bs0t,VLXvG,4Jea1,I89to,y5ClS,ZmD7O,Pqryz,JSczF,Xgqb8,ppHDX,PJjhx,u75Vy,2zGA6,l39wF,sQkYu,7lAOY,xDhUb,7vh9g,4hUc3,oPA3b,7obEm,xzL7e,3xug9,EYibr,AIClJ,3Mc1g,QEzoY,KWS21,Kltns,mGSJm,cgfrE,PKyvj,P5mBd,Qkdr8,t67Wi,XUJPf,IJqq5,6VTws,FeDku,QPpNp
QyAcm,bP2Et,mxUaa,l5xvr,0tvzF,zmEDg,hd0bw,Changed,YiT6w,LaOLg,Nd2Uh,NdKBB,8hEyP,0HdOw,6PjoB,1qJRC,LOP7y,SdBMk,SmbPm,TtbY9,5sIuY,3tfZW,nhM97,4QPSi,3v8Cr,J3SfJ,W7y8N,M55rw,5Ke2G,WPcRb,4qTiz,HjSyz,Q8fm8,g81Mb,zf7Yz,zKpyr,Ni2Z3,4v4HK,xozMP,kBKOf,4PAzE,EMxpb,OKDSh,UDCNt,7nn2m,zPdFE,al6kJ,SszOQ,IUqe4,IPEY2
DedcP,7XA1l,Iisdp,wbMxn,fYNSU,ESpV5,pTcly,CXDdL,tTUUb,Sdhea,5qsvT,roATl,zhA3I,tPlJ5,eplnJ,QHekF,boR4l,KFouR,q2t8H,cF5LQ,QyGnn,LxDRL,3lYJW,6DMpJ,RxUEG,xSfKB,tnNtE,XS7Oi,PwMO9,P6tmQ,pWXNZ,6huCx,hN1e0,DnVGg,eHHHT,GQigj,YwgXH,8cTrI,mOL7p,5K3eN,R0Fa2,O1q2e,nzQBs,4jvDy,xUYoG,4mUQN,qYegY,l0Dp9,Iw32b,wg5tx
kVLfL,BbBCb,Changed,ajP8m,YSAIn,IL1ZQ,isASr,dE9Fg,eV0RP,eBEe0,C6YzT,tfjTS,l55Jw,kdI3l,g6RCj,4QjWG,FQV0B,EIxqW,LnoB4,W16p6,fQbLF,YrUGr,3BEDB,andd2,Q4Rxj,TYjPI,WaguT,fXUu3,90ou8,OpGLT,ClKjf,9viCd,BmO7E,GSWei,IW3G6,HW0Fw,Vt86q,27hhc,REfGJ,dfs4J,qLz35,OwWOB,5Ta1O,uwjvL,47q46,gbS23,cguhI,Qwu8E,7lppn,6eCaJ
wvDap,E0TFb,MyeuX,Slmea,wMXQW,yer6w,X9hbs,x1bt7,pwwWX,xhLdX,N9pGx,fc3Fr,wXbgl,M0hNs,EZaIp,CSspb,yakD0,wpeWU,qjzIk,kf5Tb,3h41m,0UhUS,nZkFw,EpmWf,DtAin,DDVxi,YLkpk,HYno6,CjyCq,Bt8lj,IVDKy,s3Or0,AY8Wu,XOh6N,I9fQl,IhyUw,lOCZW,yKGSz,83TTh,XxECw,IFy1s,2jgdJ,u86fx,wNI2U,WpYFq,m9o7T,Be6hu,AGWik,PnbAg,F7Aqg
JsVHI,a1f97,ZSekk,FA0ln,GsGql,cnKwE,yLWRu,JVKT3,EMhFg,vlKNP,0Rdo8,NtX1Y,I7RSx,984pm,r2xME,f1v99,0y4H5,HSGVW,zAI3j,74wXk,W2Jfz,1r54i,qpm46,WQ8AX,0cyVU,w538K,EYIO9,MDcbM,koE5r,Ml4Tr,8AjWU,xG8f4,dQ8Z7,X7mD6,whQ5N,8pUcO,xo0Kd,4gzK8,UfyZ0,7DTR3,kc9vf,Ak9n6,oUDiD,HnwcQ,eWF4F,fCu7g,OFLbW,xJNqs,5Y10j,mvdzD
b8uPW,swQlX,wC002,1raGx,2fjlZ,LN65n,m5tMI,Tmoe8,1PrcH,bRCac,1LJkm,jX6yL,xdHMN,mJ4Fz,BPBaC,QNqU8,3es6p,hH8z6,IHhwN,HAlKv,IKwp3,u955g,LW34Q,azAaD,ZqwOh,MNogZ,zjvo9,CLKrA,QrSYv,yXc0T,BkR5Y,viZpY,o5hfD,8BwyN,Lklka,2HJyl,WANeo,GhoP2,6drtv,0g9i6,MTSye,V6R8f,Xtgjd,yk0fK,ipu1L,4xiMi,cozy2,3hDll,Hhycw,1dFs1
ABOst,BQaD7,wMInE,SsCnB,V0w1T,cX09Q,xAsK8,06HtT,eRG1W,tYD3u,Fqx0g,BmeFQ,JIzxy,UI4iH,ctaEG,AyLdd,Gxh2L,sB5y7,pFAQY,7jgoc,bWJdc,ojKHY,lLX0D,Ljehe,6KklW,wuJMr,TEaEl,EQEoM,WeBmj,rf1rc,5WZop,dLXo7,ogbPQ,MouPA,gMaoy,GpsXn,p0A4Z,ircp2,CFPqJ,w2SOn,0iJkd,CATvG,ROKPD,WX2OU,UG4w9,7FHlh,k6wRi,hihcU,l5kFg,giQk6
cO6bm,auyjU,hBmyJ,MBM31,PHEZf,lMXO7,oLGlb,ANTr8,ehkZ2,0LtKJ,UJOB5,GZp4a,OcqwC,kFy4f,3ppHw,Lvq66,9IkBM,hmYQw,fuzSk,10kBb,oDjVI,NHrgD,vA9Wy,pLWbY,bN8oT,2WluT,vCFeg,kRNAD,VOwe3,LwgbB,PPXex,aa5al,M5g1v,WIGuL,QsQOe,c7o2h,0Bi44,cNc6s,rw3uR,iqay0,iaz0G,KvK7w,tcDxU,zqr90,lhgcs,1oOZ1,oieOI,VcFnx,rBS61,s0iwT
RWq3c,ecV8S,5Xu6h,qTZbq,UlEnz,PwlSN,o8tpB,BZytQ,fQALK,mJdLc,j5Upu,YqM8r,RX9Du,oZelO,uDQw2,l230V,37EwN,fjBqv,GNazK,INAT7,MPERM,bIXlM,4Iriz,zPsK1,e7fB0,SnJx5,X4unG,2hzQy,ciLO7,s8ZjE,uJtAM,Ym55n,m9jpX,s5VZP,2dq5s,dd50p,M0F3g,M0FYh,iOqIP,K7vZV,ZT1HG,Bzc5r,O4STl,X0AEU,e7Acw,mxcRY,tkx1o,NSPws,EraaW,rwht6
3KQq4,PgD7G,zkkX1,5uJiQ,l2BDu,TgOzB,dkxoU,7TNUw,GyDeX,hK1Le,cW0eu,CqKIj,aesle,slAsm,PIaYK,UtbI4,y3J3u,n7ahp,KUfvc,EIXon,Hw48b,0JUdb,Ny7Li,MADbQ,GR5yH,xyffI,FA5UP,fA795,gBIsT,K8VOf,7J8HT,8Nwrr,UhTAO,LBIQM,PANrX,3VoxD,2mqux,xSHkw,l8iCB,S2djM,Aab1m,iAAkW,6qC6X,26IQF,py1SV,JX2pf,GXq9I,cghHQ,0oyEL,nuClH
Kbmhj,KCP4D,fuMOX,C9Cx2,cKEpr,XL9t9,qUj2D,PaR3Z,ex4C1,Flf6R,36A8a,6Fso5,nEgiD,VSnR8,a1x9V,JegAB,Uj6nh,GXcDB,fQ0WW,A5sOT,m17k5,K40jV,BYkiH,MlIij,dA5F6,AUWxO,RfqZN,i25lS,9z8rr,fPIgV,XSH6M,Yi46R,LyMdo,ZBDpT,9Gxcy,bCOnQ,tYyN7,cTYTR,zDamj,Vlfne,eX2c3,zmCoi,G4g7c,3bPPC,9h2g4,GUV3V,aJFsR,C5DIA,wAF23,itQxN
mQ5Eo,vRQPq,jedGP,Changed,gjI1A,ncdHK,xM7wK,4DjQF,coKYT,I5TPh,X7bSJ,UAPii,8E4SS,PQjZP,cbE7l,PchSn,TIu0P,nvOSK,evmnq,HDYtp,VE3dX,XKs1W,Zwp1a,n30Mn,6xfym,VXsJF,86mqQ,FeoVh,kNAWj,nADY2,bWKtw,GjkpL,7YkUw,gOTC5,sqmSN,Z6aNB,RNuiL,WOxcT,DsFO0,MjWN4,jBol0,ClZHX,tWCHv,ruNa0,Ae4Rb,X5iCp,JAUyg,vCcvv,xRQB6,cUhS5
Mi3w5,VlR22,O54Ia,qFkDl,kqH3E,2xsGF,57gXh,60Sy6,luJ3T,7ZEvE,apxYq,VaDNH,r78PD,uwIJi,TJ22w,qyqRM,x0M4D,ODbeX,Y1ibV,aKZhL,CLpl1,ZB46s,bl4ff,k6qbE,VAIQI,tT61F,V3lYk,fuNgY,7LtpM,sEekr,ZA5eL,U2l3F,ODxx3,kKuWQ,mxlDy,SnM0O,tHPWo,wma4z,kkpHj,HdoCE,TyCrS,tPbwR,hvYQ8,ym2Th,psrsx,dzGzt,vr8mR,1Y6z2,M4j7S,IxXEN
54xLe,Jrr0H,O7kgA,0lWgm,vWGkV,LYsAm,mUQq3,JCI19,At2du,r2sAX,A4ECI,5ZVVi,m2ztb,jh0Mh,J1Wm1,6DnDS,YXv4s,RIe2e,JHTRW,Lv6SR,nqWMc,qorkX,3hRKX,t95O5,f5KoE,fnLqR,YPbee,26kTp,8RxGO,Peloi,HLofo,Iu62q,7wyUs,vbztm,ZBnKe,PzLlR,EiQpx,j9Ol3,NfRLl,Gkc6g,sk8vB,JPLe9,dt3sS,OiQrO,Vo6P0,rgIrp,fKrzD,7JMIa,clN4t,rUNQO
gsAfj,Nd5Dg,dzXmq,v8rxO,Nd91v,Zag2K,SxIKk,QwELN,ppHwd,7CnNR,7nWAF,XuQxo,WLlYi,KD2pI,thw5i,YAt9h,6AqJj,SvTfF,SG2P8,pms8v,dKlL9,Tyers,JKWbC,75amg,MBn3P,7xX6a,pyi2q,a9nqo,A4qli,OZIMY,RZ4Xo,mxkKT,cu3Vm,Fi1do,i5JWQ,q4x0q,EI7SA,WG6cZ,dznWF,TKp40,DK7ei,7HbDa,VKEOx,Ba9k9,N8xoL,OM9Yd,QsPDU,9WgJn,3jsb9,yi6F9
bEgUm,Yg7CK,taM0q,1ovWq,U8kXx,B3OYN,iVHPu,9whE0,VPZ4b,fKWGQ,YNPRf,8UJAy,5bcGN,okNiD,BzzXq,6U3kA,6DhJc,ZQNDc,uKVnH,FLfVH,HF2O2,VpYev,KnLcb,2K8HU,KcGlm,cCr6l,BqqpT,WxkRr,lMVOT,4usxD,Ip0gr,P8dBa,LHBpR,MUxiN,JxGq9,eY6ID,w3X89,KwJMG,gnBE9,p43KW,vP7CI,LF8qc,4JWIo,RsE6s,fTZq5,AmIpw,KUvk0,JFMs4,fO2ry,ANAsU
JRvQI,vmvmY,y0rtD,G3AqR,Rho4J,uqavu,N9Hae,biLki,78avc,Dd3aT,Q8pu5,mlOko,sTa8K,qMqF0,beewY,zV6a6,SLln7,iFAXS,cpobE,j3zwz,h0PG9,DE3N2,LXnAd,2siBQ,6xcvR,RaCvh,G6QNc,viGaF,BQC3w,aihQO,E2oqs,OpzrI,UaSke,O2Mjm,ayNFc,njNQi,bSEFj,rsbPd,MALP4,thm7t,8gBa2,3jwKE,DM0Fu,AQjOC,QpuTl,ecl15,6pLZN,unmcB,edni6,NyDUo
VvVct,QcEuU,EM49y,7CaYz,RejCq,EPbNL,LrCEJ,f7Iex,hy5ky,UaAFY,ySTvf,TosLD,OzLdE,o5ocb,3Q4Uu,zCM7h,P2f2N,NfgpV,LB979,yqCjN,R7EOY,3t8Ki,yIQua,ivOun,2TSCU,Zdw8k,OisHR,8UChE,jo2zF,JCJnw,1waNn,Ssi6D,dqv6D,Vtgrn,3Krwx,ZmkaJ,NJwwV,FhRHB,TAH5K,Dr3kt,Vzhh9,xLSDr,amZHn,lnwDh,esmIP,7Hr7y,3W4xN,8jSht,AhSnJ,TslP4
iBD1o,vCcX8,llkmY,GM1u2,dbI22,ttvqJ,LM5wH,M0nI5,mO039,AGazA,SuU4x,l7Yey,IWV5N,G79GM,uIIo0,5Ws9n,8w84D,suR8R,wTrVk,u6qDv,ohwPe,lquDT,zqN84,hPAxf,u9TDH,nZMdh,jSbbg,FPXYv,TdjJ3,66e4n,BA5PK,jwo1r,TyR6v,7niop,6xTnB,OexPv,FlYSU,dV2DQ,QWi2H,OBhpe,hMYCM,z5X6u,xkgRy,s7V6p,7JIjw,1LYHa,JmsdV,8e5Rj,SaGCL,pN1WL
pNjuh,7TphV,o13J2,dVJB5,4CWVY,JGZb3,xJ8FO,mZ9qq,6kdo4,831Ql,BO6If,SiakA,d2xoR,dlk7r,3E405,mNqwa,otuni,rbSkQ,OYZr9,4FMHL,bN4RD,PtOhv,uZvYQ,fV1kM,QMX9Y,PK1l5,FL8gF,tUDRN,tPvs8,Kpuql,cvgKL,1icGR,aPKge,11D4T,HYP9u,E3SCm,FW3Mz,Z00PD,5M8Kj,xWJDd,cg1Ct,IRsra,GibmL,fHfjl,rddU1,6Kn7b,CJEZe,UzyJp,2mJ9m,1EjDH
PuI0E,DGMg7,Jjcbu,AIC8v,eP5LW,LHCcA,3zJ6I,wovvn,3FOCL,MVAAb,JUIKM,AukFh,mYAE9,fbLH0,wk4bX,s6nOy,jsTdg,LKzkr,3yTPj,or97C,F2sMc,QUsFi,O6uyq,IUxNZ,KqDp0,zMyAS,3q8f6,TPtTk,X52tT,jIxDN,ZXjSD,SWRzz,BhdIM,pUoHv,Lx0Bo,Wqjsp,zlfOU,edt22,C0X4W,ZClPI,SNZpR,TeUGD,oQsEb,O35gA,Gsjej,NMXRZ,aIBbr,fYpmd,uDijD,A4Ude
7bLcx,6P54T,5rB7m,DSpga,tCx9l,309MN,zGIvm,WcyRz,SmSl0,pyQkg,DfKQn,0sblt,eulUJ,ngAaD,zaAfK,i1fpn,6pc9l,G8IEJ,2impZ,RB7LH,fzalN,BFgnp,lsEK3,bLtiR,zMmhn,m8f2t,gGJkD,yklIp,28PRg,XaGyW,G6bDL,ER5do,AnsIy,5wi8H,lspTg,U4Ehg,dnm3Q,8xm72,pQoHY,mgsqJ,nUK5n,CC6Nz,GIRzo,9OoTL,M60Zw,3aXTJ,YCdeR,YlstM,gQGes,pDkqs
UlWG4,WPYFO,aw53K,vQ6Ez,rA42B,Z5dQZ,2pAlH,SvfKu,YZcXR,7LY9n,ledDJ,6GURZ,M7tg4,4TiZz,7usQJ,Cghst,6nPae,x59VM,VQvXZ,hu7uX,cc1gI,oPiTg,IZ0zX,GKRsD,D1EXO,IeZT6,86Vqa,XGlhA,bvj6R,t5uem,hAotk,YIHTp,iQeIl,xc8xh,pvz0E,EKMRo,qZF1Q,oWSrv,F7s12,fOi0D,De5Mt,A99QZ,wNTfg,UCK22,Z80wD,wNAEZ,1v2qQ,eqcgk,x4dNk,H7lEy
1ppdX,fPb0I,DE7kL,7LQWm,oDZfF,Z5r8c,gikCV,sTueD,HE2Bm,MBsfC,6TdXi,eTiLE,m0vze,l2IMr,ahDGM,UEXdg,8BEsc,w5XBH,5JOX7,Z5b2l,UMHh5,idaGi,ZmloO,mHaHw,e870a,BcCdX,oqgdc,0J7Se,vtaoc,SVWBa,RoJr8,RwN8x,QJLOI,GuB8p,ARAfM,VWESv,9aVJU,AdJP6,mxUMf,tdNah,8KxUj,DGPPo,RObjJ,M86Lm,ZCthT,d7lb2,BMbfF,GArWQ,R6bq5,4L1BS
ZdeuH,U03Rg,fTYpT,5p4oY,2RbIF,O0QeH,e7yVJ,wZEHC,wb3xv,8TTD1,Ttftm,uQuC9,naC1e,hfV6W,eltyG,ivlVi,wgLca,Ckm9W,jc1xU,fzbfb,84Kqy,UrigQ,2y8mI,0V8EL,NFxJb,BcS3U,dIe51,yST0t,x5Gil,Gr0mv,iVAQe,rhvjm,cjGuI,Ynxqa,hRl4I,YlH4S,Cww7E,ZqtmM,HTai3,ucxWU,9srFv,47189,eMIrs,5DvNS,UYif8,xsiBN,1R03c,ILTeU,B6uhw,0TYKx
LxuUw,iQXJ7,tN7VV,JBX1g,0SB1I,3ah2V,Wmn6W,w043j,SONRH,3i5lX,6qkSk,MuTXC,IsGsW,rm5bU,45tww,fM1aB,Hcnli,1u7xC,SZx6X,3yyVP,yjJpn,z2JwP,ovUkZ,P3SBG,ysV08,i1CY0,BAW1S,WsXqS,IBNw6,9oAH9,kbFK0,4B2dP,tPMbB,Hr7WR,ZfTaG,4Nt63,HIGnm,IZ5m5,Jam4x,YFt3Z,c2vQL,iUBEj,49lW9,3wjTP,xTmoY,l8gSz,3B37Q,a8n1I,bBX8x,JW57L
ZX4B8,RZ76e,l9iWe,lCGg3,dNOYi,ZxKtk,y1FWG,g7oER,SApL4,CGodP,JYULe,odkXY,7WXua,w2w5D,Jz1qj,wFuOh,AW6kE,imIVT,9rVsJ,c2ovf,HQqEZ,yFqPe,Mx7n1,XNK1V,3TGln,81qxO,CUMy7,o1uOS,fU9cL,YfPQs,P3C0U,mNgFx,hJH5F,PbTpN,ucv0Z,6kl93,7HpE5,fShht,7W4N6,vr0Wa,A7F4q,kR54i,DCFDe,efJ6X,1ygy1,Pj7qo,nJ57G,LW42p,RzkNh,6OUEk
SS0rh,jVuUZ,rTOc1,O6Crr,0AnDC,CNCJA,s6ciw,EPjWR,mkCgV,5jrZH,hYu1D,cWfUy,z6970,J9FWO,JcoTf,yZPBX,QSjDl,VS9UH,gVTJV,YHRRr,IJrRX,rIAQt,nIVP5,te0Hn,VS5S8,1h7EX,bWMeX,ldipH,spEqW,NLPi9,NaesF,UhtC8,aMy4k,QtICl,QrLVM,hpmx5,2JhNT,lWx3J,potMr,SftJn,eXzz6,fRTP1,kfGgJ,dXIHr,5xCRf,8S31R,2q2sA,o6Dwx,79LRB,fTrFW
JSFgX,ghCsY,3r99d,t0yeu,9Efye,ypB9u,AdDbR,skbiz,CM74V,cBpwV,PwVOo,wHpux,uaEl3,5vXJU,Eck22,8WGO2,4u4nG,yJZzW,07VLW,mI351,YVzZO,4sT9W,PtjmC,ilqmO,kAOFh,GxUB6,1CPeV,aEARE,v5bQI,zbAZ8,erwLk,kfUiL,yr35h,usCXH,S6Fhm,zzhOo,0HqQ7,u6n84,hEpVv,TeFky,Te2n8,xyKi1,RtLNX,d7uJ2,vgAKg,vngYM,ZJB6H,0ZGaD,EdEf8,IvnEc
3db79,3dsEy,tj2T4,cvDqS,xCA11,SRM2h,xPW4o,wsPJ0,gr3s4,Z5xlJ,rUmmy,0Tmk5,rHE4k,27Hqb,yyr6m,Z5wWV,WGfMR,Hbc6x,7cPRG,GLNkO,m7dkI,wiKAt,NdSGN,CSwkW,fVKqK,lSVHi,zD0hj,34zEj,V9bCJ,ZnrdB,yM1CI,6fiaH,OgZJm,icv96,2nS3N,7cAay,aIPiC,flPLc,6gh0f,vZ959,FhQfe,Ngmd8,tKQ7J,4pgUb,ng8HE,3KxjK,ogL3U,zuC0K,YwO4D,G8FgA
9PL7b,c7A9U,PigM8,fIxOp,t4RyV,xKw7O,3PduN,KtFM5,oH7hZ,rX85h,BY5QG,craE0,gzZbO,9616L,9M3Dl,Rt7tY,qL8WL,aqP8k,Yk6KK,kuo6u,DbPNR,khAG1,RB1EO,ydqbd,kG1G4,pChtl,MBPQe,qpULY,iJIwb,xBPMA,Q8kHG,ic75h,X6Sxy,5xUeB,fJjWl,CPVIY,i8OTr,t1ZGO,ptBf9,mkB7N,4Pqvn,lVKh4,FeXYb,CKLe9,xO92w,nJ8yD,Ie8et,5MvIU,xjwo3,vZjOQ
2sQEU,ClVWJ,FaqzZ,FNdbN,iBlQO,XutLg,xQ7Pe,L7krl,8xGTV,jF1D2,Oy3Fu,NJiU1,qnHBf,YPrSJ,jnj9Z,NF4Pa,nOUdE,hGO9O,j9VOi,vX5zO,wUShj,ByNyO,DGlx1,1EXSv,nMDlf,NV14K,Rw2vl,0t38q,BpCWC,SLqcd,c9LZI,8QsHO,bQMsU,Pgrnd,ECtUg,5O5Aj,OO83p,klvrJ,N2IDl,lHgKz,RzzLr,09kNb,ZkLcp,wWKKd,FNGnj,F30eV,JBxsI,LDCHZ,WHDo4,6efTv
BFTpI,pm2hc,01KKW,osfRk,AC2UE,jPREC,imBi1,UUfZK,pa8vs,9uVPX,QfXYK,R7J6M,bAfzi,XrNhX,OZ2bR,Tcdta,VPvz0,Vxc4b,6yAL6,BuY8H,2fFYj,ipFLK,XjeLD,Vl6WB,4IkAx,ygRAe,QG17q,a8502,rZFac,796IK,1EYSh,tqB2R,yT5us,BtlMC,XhQKZ,fqB64,byUP2,LCX2k,WTMR1,0v0HT,e6cvC,PNYTn,zVDxY,KmCIF,VKpKm,PIhFI,Ph79l,PFsIu,x1DaH,ObpC1
TVyyb,UFIxv,Q4ejv,uw2Dl,MWBaE,Zu09X,ueu28,8K2ym,XBlme,brhJj,anPAz,TEP8v,hcjHD,12bha,OJzqW,POnul,9nXsy,97rY7,HCc5P,qTR0t,93MtD,v7RLG,5o7Vw,5nqC0,xVNb0,DFjF4,gIvYP,1eq2J,2zUXb,NcTAh,TBaE0,I8HBE,ouEGh,TO75s,GR0vd,4rxYL,vDSWR,CKDAR,gz7h2,vKvjW,RMEeN,N4kR0,BdOrw,rgkcB,5gfgA,Epu1B,CBwdA,PtWNA,zP2HA,124C3
hUEo4,gPiE2,eGhS0,uEFFT,hQYa7,0uKtZ,tXDpm,G1tJi,f9z86,mbRfr,LxxZd,UPJQI,z5bmL,yORtl,73w8C,fSueW,dDwcv,o75od,jMFdE,mQF3a,Fnod2,pjGya,zr14E,M3Yrh,wbJsX,v0cUs,0s9HO,ZHCLq,qVuCl,5op1n,bks31,32c0t,VAeRX,wDigQ,DpNeo,GXKlf,3En3m,cx6KY,dfXMy,bJqlv,itUgM,0AGPV,chdMJ,mphSd,kQbUJ,TZ2Qo,SxOJo,owyQo,V9wqk,wFiYX
m9sy6,xiQ4x,JnT8m,gZmuR,dZZjZ,1CKii,sBXhK,jHwGV,nh7EP,8KMR3,eawVo,ZI73e,FGKP3,kvl34,cjStP,oF0vh,Xtzi5,p34cP,Zy4dL,40WoF,RctP0,O3drM,2UveW,v14Ky,MdK3Y,jwa9j,tPSpo,6emG3,db9lo,CPafC,NUrCa,RhsWP,38B3m,DyJUS,4GBQ2,fQllG,s7iQg,sEWGR,UEdM8,3J7x0,v9Obo,7pe7P,ZCihG,Xz6pc,L47Fb,rC3uP,ua8kF,vxWyB,y1HOr,dPV8h
tydVA,Wn5sU,VGXNe,fdcgK,cRVvZ,Soj7L,5eoI8,9LKIv,xP0ne,O6mnA,t2C3d,66ztA,YirOn,cXIib,R8eMu,U4on2,6EeTm,rP3TL,hthep,sFE8n,N0Pvf,fv2xk,HvQmi,IM7d9,S84EV,iUooN,w19di,KrcM3,dWfde,D6Qev,bPakv,pPfGb,fbg5J,BsoXD,rEP5j,sX0HD,Z9KUm,pNeEZ,fpMjK,HmzZE,dEyIA,W4TEY,MTiB4,UzwVK,wVDQv,OSC5O,r0E3Z,OF75g,RLL4G,MTg0d
kIZak,UtGQZ,sUA8l,5ihgE,zooMe,gB3vx,679ZF,rBgEe,5tNRq,jozRd,yyoKs,6HKrn,yQq0I,csaM6,K0VOG,IdA12,lftV0,ObOK9,R4vFI,TMkFW,TqM5A,5pm0l,Twh31,tC74G,GpFB5,Wltxb,Nxq6P,lNvI3,zkZMK,mECq5,N4vL7,kQl0q,RIzJw,tpGJB,YC8y9,dlKXf,i7d8o,aAlvs,mqf5T,wYazE,sjdSt,ycskP,NXtpV,YjrCj,VMgMi,35qxH,Us9Bj,zX7y7,KqjEV,Rgx98
b9LBk,T7L6f,aUUDR,9qFP3,nmwY9,vAUsi,WPaO4,cJOkK,txJDh,XWXbv,8KoOw,bJ132,BBPrg,uMEA7,TlCAI,uyjzn,8IM6y,TWB5n,z1o5T,AnQPi,38s8F,nMuX2,N7fu6,WBBCP,GPF9y,dsHe2,0eDG9,9954j,hGI9N,sNFcR,EGrax,yEaId,YPU7b,91OJv,HXgaF,kwp3p,ljWW1,RPidf,BBnje,ym0lh,PWwpP,xUSRQ,rrKBo,D5geW,DPMu2,j7ZBU,C8JtU,LKP2T,6JLtP,WCuuj
8om2n,o0fEo,Ml7dp,wtviO,cZ3pj,Nh9E5,k2dSJ,6knYf,0cGvs,qE4uL,uK3Iq,KVynJ,OqDqb,aZlEu,v5pjj,43nHo,6ht12,5XSUX,cUmjj,itc36,ahlOm,uGOPY,feijP,GOErL,GPPAA,fCniX,kp8Ca,XTQKc,jssZn,YVqup,fFwJp,5rZBP,XC3vU,eWhnq,JluaC,Xf9ED,eKJSe,7QTce,BbNuP,1uoFR,PO1rS,0jpp5,Zzrol,JJqsg,caOGb,vFt1h,2ZnoJ,2qy2d,xVmZd,i4RAm
ZOjQ1,DO4v7,kT56k,WUhWo,i4YwL,5A5Sz,HiKrw,WMIxc,jwiF7,43Usu,9VQt0,oVYQ0,opnYQ,KtoN9,FQsrv,plvur,gAT7O,VYEtT,fjD2d,uQWef,rUJcL,QePhc,IyZUr,xxmXq,oxIX2,tMX6X,7UqFl,2qXH3,m6VaH,Y9kQq,8kzSs,Bh2OM,6DA1D,slnDN,is0ky,9GJgX,AQxF9,tHltO,wmhcq,KxcfL,5fBQu,HafY0,L4omX,RYpCl,ER3yV,fyO19,sEyyJ,MlVrL,xe8uZ,nLegb
6dTBN,oSJ6W,iiKAY,0lGKU,STG8C,MUYjj,DUfm6,USLwK,4qLj1,c5Cyy,Iixaa,v5yMk,oogSE,dK5rG,8F7sd,P5BxR,3PQck,j4TJ8,ipoQu,JTn1u,kcRjC,nzS27,YaBmT,TcItu,AZMlx,C2GHV,kCSCj,VDapn,LfNaF,RZLNK,JPrn0,sl3LL,tD6nO,rKhpi,PCTAM,rDpMS,ge5th,zRsRd,7aO6X,MiRUT,4nVJd,xWuuJ,JBHBA,u2TY4,T8C9e,PFnbS,Xd1rj,UAcow,ls62n,LTBGE
xD87i,8uLI1,uuUcP,U9jOv,DMxXz,QgYo8,NfHnl,Jh9Ie,LLttE,m5gPk,7AVsY,FKrJu,hjTM5,liAJP,x9njo,yj4yX,E2mTK,VsdvJ,upTJT,Ovo7u,PSHLP,MoEst,4qYzo,Nc1QM,RV7Pg,xxdRj,4xP6B,L5uMH,GV4Ct,TOhbg,SmAzm,SKZUK,4jfkW,AqpkJ,oJeRh,G1Fz2,Sf9ng,K0mDU,AetNB,hkGIR,YpZj2,aZyj3,oLjH6,GcjVT,aX41d,DWAVA,sQV9C,2DbRb,W46Hx,GgimO
DGapN,6LC7z,kUv7i,zEanB,hKdZy,9EQcA,zBuxu,mYo6M,Rm8Z1,9RJU3,tL0cZ,cQXHG,UTwRK,u19kk,hu72G,DMa6a,JWulY,meMUJ,AwEJZ,8jiol,rI9YF,k5bkJ,V1nIG,tKr9y,dqocL,lLBNn,WwHV0,3mPz4,XDMpx,P8hQT,IGoRw,S6odA,AAkhW,rly8V,qASPd,WJWzc,qydxg,y2pko,CtYWD,R0AjZ,CiLGM,FKOgx,WgHyX,7i066,CrT2u,r8yE4,M39TB,kjhzi,8Gwz2,8OiIl
IvQ0z,9oWsu,5iBhp,dKti1,nFhQv,u1D8M,XNH9N,sl8JU,xgHyu,sL6Kw,H2be7,BEwDi,Of0G1,ODesO,exxls,4jHrY,VyIum,h8Mw7,s8LYj,pYiFy,gaPE9,GYBFl,cQ5KY,svG1W,VcJE0,fNquh,7nlx3,HV05V,jXkxI,2PKtF,21sh7,xPXm9,bh2H1,Gt86E,5Ub1z,oGbVW,xm3IM,tIzN6,SbIQN,m6C09,nkmD1,N0KNc,1PvZW,e87Re,OqEAa,KfNTT,GHb3X,RnHDn,QOBbO,Yp3yw
t6vNP,HMPOr,g4ucI,D0nqJ,2OC64,zgons,N3dc2,FaOX6,aZFCY,Sxo15,omKSQ,yVTn5,jLu7D,R2zAj,0xJEr,7RVP6,MTiep,ablPE,fx1Hv,rHb6f,z8PqZ,jCaE0,UoNxu,PxB3N,jbWD4,keN8g,Soi5a,3KUGu,fbHJj,9swAr,7Z9vi,RN7qD,IyRsu,oX8xn,wfq7B,mkIAV,yKq43,5h9tp,ybKRb,4vBi7,nGbHI,ePymE,qjp9k,3YhtE,hF556,8xT9L,HDtbH,Oyvnq,1MTpW,l3OUj
gfBWY,tbbKo,1UgeQ,A3s94,1v5xr,vVeLi,PP9e1,OBAQb,fKpbq,gLVm8,it1tl,3SNOV,0wJWd,cwj3o,VLIhO,JkK4X,wBwlr,U8I6E,KrxF1,6XJfy,AbftP,18yUl,u2wz8,d4zmv,HgfeK,zXmnd,5t21I,9TAYG,OTqbH,IwlPo,owpcO,Lo8JH,Ez7TS,1zqpL,uZ1Vj,ci1LA,hP5ib,j1J4v,b5SgU,N0zJp,LYFzg,jJytY,RErBu,FfOmN,9B6lA,lzsvo,edRVH,ncxdY,6uiDW,lMB6d
7DZHU,13uOl,TcUNH,28Bip,Oiu1g,wxByc,iEMde,m6Rts,n9hu5,ma5dd,LVvEt,4Yh8M,gpEte,vJraa,bbOXG,zUOx6,vyA1H,Cbzhn,HZRvL,8gnJz,x0Vlx,vvUCT,qie7S,ZEbTa,QWmJg,h9B0S,yGtFc,YpbT5,430cW,TAJLB,UYEY9,bPetH,sGkCX,Ietb5,fW6yZ,pp8xi,VATis,EmTgZ,UJKMa,7Wpxf,qN2Cz,LcVnn,iPHhf,T2odG,rltsv,5BmRp,O9RrW,39SJU,iEnFa,oPcFR
rC64z,iV4Ar,EIt0T,1KvcN,lYgTZ,eBNSe,XTvPt,KPb6m,3F0mH,IEGWR,jpq6i,xkxEq,nMtHE,tk2Im,nxmAr,pdUPN,eXcLW,fcnMq,PnWkk,OUqhj,i2u82,zMilv,AntnR,2Vmwu,DB2cp,jShhg,gC491,Fwahq,yfY5Q,7cE9f,t2ARf,c2dGC,JYDKh,lZrRb,x9x3v,meoNZ,KywgB,HXR8b,DpD8v,D3dJZ,jBh25,0l8D2,S0Feb,MEW9N,E9IVY,j0hwe,zEDDq,RkOCi,JmVH3,CkayP
nWQIh,VdoU7,X1B6A,NcJ9N,BcsJN,SCKsc,9noQj,DENjG,Q940c,PrQrl,uVevq,QJ1Un,LEgWL,n9MDz,pW3E8,pDgUo,a4MlU,9zz9q,4CHb4,Y8vKG,Ps6Qi,WBxHf,r244H,nTmmT,qeyjF,GglsG,kydIJ,NbS47,RSPhk,0W4bH,68lmx,Fjkal,mP7px,ZVl9G,9s63D,Ocof1,E7jxv,kinvT,3Ezai,kBWXF,9UcSi,Im2Cr,cAlV7,pj0U5,97ItV,dbxiV,zuDPe,s1HGn,mUarV,gn8qH
Q7vUo,seXTI,ECK0P,LbpOo,Qm9Qy,iJr4C,YEU0x,YcneL,CjTqp,unyzl,7pnjp,f0wNT,n1FVM,RVhty,XWquI,ySvzh,mUrtt,D2pNK,rEgad,rlHxn,oMnQw,5JlCS,BeXTr,asTLD,foXY0,OmEAn,MWrOI,dGfsL,zApnu,mcRib,nkxXQ,75KDv,h3623,298Ck,4JUmM,pVrb5,EXrXQ,iT6WO,z1SDm,4oxFl,HR95O,EmB2s,NsTTF,s2gIW,SVyW5,uX7S4,LHOg6,YJAHT,NDrAy,cocwK
